https://fonts.gstatic.com/s/inter/v20/UcC73FwrK3iLTeHuS_nVMrMxCp50SjIa2JL7W0Q5n-wU.woff2	inter-300-1.woff2
https://fonts.gstatic.com/s/inter/v20/UcC73FwrK3iLTeHuS_nVMrMxCp50SjIa0ZL7W0Q5n-wU.woff2	inter-300-2.woff2
https://fonts.gstatic.com/s/inter/v20/UcC73FwrK3iLTeHuS_nVMrMxCp50SjIa2ZL7W0Q5n-wU.woff2	inter-300-3.woff2
https://fonts.gstatic.com/s/inter/v20/UcC73FwrK3iLTeHuS_nVMrMxCp50SjIa1pL7W0Q5n-wU.woff2	inter-300-4.woff2
https://fonts.gstatic.com/s/inter/v20/UcC73FwrK3iLTeHuS_nVMrMxCp50SjIa2pL7W0Q5n-wU.woff2	inter-300-5.woff2
https://fonts.gstatic.com/s/inter/v20/UcC73FwrK3iLTeHuS_nVMrMxCp50SjIa25L7W0Q5n-wU.woff2	inter-300-6.woff2
https://fonts.gstatic.com/s/inter/v20/UcC73FwrK3iLTeHuS_nVMrMxCp50SjIa1ZL7W0Q5nw.woff2	inter-300-7.woff2
https://fonts.gstatic.com/s/unbounded/v12/Yq6W-LOTXCb04q32xlpwtsZfvRIkSYZH.woff2	unbounded-300-8.woff2
https://fonts.gstatic.com/s/unbounded/v12/Yq6W-LOTXCb04q32xlpwv8ZfvRIkSYZH.woff2	unbounded-300-9.woff2
https://fonts.gstatic.com/s/unbounded/v12/Yq6W-LOTXCb04q32xlpwtMZfvRIkSYZH.woff2	unbounded-300-10.woff2
https://fonts.gstatic.com/s/unbounded/v12/Yq6W-LOTXCb04q32xlpwtcZfvRIkSYZH.woff2	unbounded-300-11.woff2
https://fonts.gstatic.com/s/unbounded/v12/Yq6W-LOTXCb04q32xlpwu8ZfvRIkSQ.woff2	unbounded-300-12.woff2
